Operator,Task,Start,Finish,Successor
1,3886700,11.19999441863061,21.23999441863061,3881824
1,3881824,31.273482634964466,41.3168159682978,3886877
1,3886877,51.35030418463165,61.39030418463165,3880451
1,3880451,71.42379240096551,81.49712573429885,3881499
1,3881499,91.5306139506327,101.57061395063269,3880498
1,3880498,111.60410216696656,121.6774355002999,3890524
1,3890524,131.71371440132825,141.75704773466157,3889451
1,3889451,151.79332663568994,161.86665996902326,3889438
1,3889438,171.93084571699652,182.00417905032984,0
