OID,FORK_HEIGHT,FORK_WIDTH,FORK_LENGTH,SPEED,SPEED_WITH_LOAD,UP_SPEED,UP_SPEED_WITH_LOAD,DOWN_SPEED,DOWN_SPEED_WITH_LOAD,MODEL_NAME
1,0.045,1.1,1.7,300.0,300.0,34.8,31.2,24.0,28.8,STILL-RCD30
2,0.045,1.1,1.7,300.0,300.0,34.8,31.2,24.0,28.8,STILL-RCD30
3,0.045,1.1,1.7,300.0,300.0,34.8,31.2,24.0,28.8,STILL-RCD30
4,0.045,1.1,1.7,300.0,300.0,34.8,31.2,24.0,28.8,STILL-RCD30
5,0.045,1.1,1.7,300.0,300.0,34.8,31.2,24.0,28.8,STILL-RCD30
6,0.045,1.1,1.7,300.0,300.0,34.8,31.2,24.0,28.8,STILL-RCD30
7,0.045,1.1,1.7,300.0,300.0,34.8,31.2,24.0,28.8,STILL-RCD30
8,0.045,1.1,1.7,300.0,300.0,34.8,31.2,24.0,28.8,STILL-RCD30
9,0.045,1.1,1.7,300.0,300.0,34.8,31.2,24.0,28.8,STILL-RCD30
10,0.045,1.1,1.7,300.0,300.0,34.8,31.2,24.0,28.8,STILL-RCD30
11,0.045,1.1,1.7,300.0,300.0,34.8,31.2,24.0,28.8,STILL-RCD30
12,0.045,1.1,1.7,300.0,300.0,34.8,31.2,24.0,28.8,STILL-RCD30
13,0.045,1.1,1.7,300.0,300.0,34.8,31.2,24.0,28.8,STILL-RCD30
14,0.045,1.1,1.7,300.0,300.0,34.8,31.2,24.0,28.8,STILL-RCD30
15,0.045,1.1,1.7,300.0,300.0,34.8,31.2,24.0,28.8,STILL-RCD30
16,0.045,1.1,1.7,300.0,300.0,34.8,31.2,24.0,28.8,STILL-RCD30
17,0.045,1.1,1.7,300.0,300.0,34.8,31.2,24.0,28.8,STILL-RCD30
18,0.045,1.1,1.7,300.0,300.0,34.8,31.2,24.0,28.8,STILL-RCD30
19,0.045,1.1,1.7,300.0,300.0,34.8,31.2,24.0,28.8,STILL-RCD30
20,0.045,1.1,1.7,300.0,300.0,34.8,31.2,24.0,28.8,STILL-RCD30
21,0.045,1.1,1.7,300.0,300.0,34.8,31.2,24.0,28.8,STILL-RCD30
22,0.045,1.1,1.7,300.0,300.0,34.8,31.2,24.0,28.8,STILL-RCD30
23,0.045,1.1,1.7,300.0,300.0,34.8,31.2,24.0,28.8,STILL-RCD30
24,0.045,1.1,1.7,300.0,300.0,34.8,31.2,24.0,28.8,STILL-RCD30
25,0.045,1.1,1.7,300.0,300.0,34.8,31.2,24.0,28.8,STILL-RCD30
26,0.055,1.38,1.7,416.67,416.67,31.8,26.4,21.6,25.2,STILL-RCD50
27,0.055,1.38,1.7,416.67,416.67,31.8,26.4,21.6,25.2,STILL-RCD50
28,0.055,1.38,1.7,416.67,416.67,31.8,26.4,21.6,25.2,STILL-RCD50
29,0.055,1.38,1.7,416.67,416.67,31.8,26.4,21.6,25.2,STILL-RCD50
30,0.055,1.38,1.7,416.67,416.67,31.8,26.4,21.6,25.2,STILL-RCD50
31,0.055,1.38,1.7,416.67,416.67,31.8,26.4,21.6,25.2,STILL-RCD50
32,0.055,1.38,1.7,416.67,416.67,31.8,26.4,21.6,25.2,STILL-RCD50
33,0.055,1.38,1.7,416.67,416.67,31.8,26.4,21.6,25.2,STILL-RCD50
34,0.055,1.38,1.7,416.67,416.67,31.8,26.4,21.6,25.2,STILL-RCD50
35,0.055,1.38,1.7,416.67,416.67,31.8,26.4,21.6,25.2,STILL-RCD50
36,0.055,1.38,1.7,416.67,416.67,31.8,26.4,21.6,25.2,STILL-RCD50
37,0.055,1.38,1.7,416.67,416.67,31.8,26.4,21.6,25.2,STILL-RCD50
38,0.055,1.38,1.7,416.67,416.67,31.8,26.4,21.6,25.2,STILL-RCD50
39,0.055,1.38,1.7,416.67,416.67,31.8,26.4,21.6,25.2,STILL-RCD50
40,0.055,1.38,1.7,416.67,416.67,31.8,26.4,21.6,25.2,STILL-RCD50
41,0.055,1.38,1.7,416.67,416.67,31.8,26.4,21.6,25.2,STILL-RCD50
42,0.055,1.38,1.7,416.67,416.67,31.8,26.4,21.6,25.2,STILL-RCD50
43,0.055,1.38,1.7,416.67,416.67,31.8,26.4,21.6,25.2,STILL-RCD50
44,0.055,1.38,1.7,416.67,416.67,31.8,26.4,21.6,25.2,STILL-RCD50
45,0.055,1.38,1.7,416.67,416.67,31.8,26.4,21.6,25.2,STILL-RCD50
46,0.055,1.38,1.7,416.67,416.67,31.8,26.4,21.6,25.2,STILL-RCD50
47,0.055,1.38,1.7,416.67,416.67,31.8,26.4,21.6,25.2,STILL-RCD50
48,0.055,1.38,1.7,416.67,416.67,31.8,26.4,21.6,25.2,STILL-RCD50
49,0.055,1.38,1.7,416.67,416.67,31.8,26.4,21.6,25.2,STILL-RCD50
50,0.055,1.38,1.7,416.67,416.67,31.8,26.4,21.6,25.2,STILL-RCD50
51,0.055,1.38,1.7,416.67,416.67,31.8,26.4,21.6,25.2,STILL-RCD50
52,0.045,1.1,1.7,300.0,300.0,34.8,31.2,24.0,28.8,STILL-RCD30
53,0.045,1.1,1.7,300.0,300.0,34.8,31.2,24.0,28.8,STILL-RCD30
54,0.045,1.1,1.7,300.0,300.0,34.8,31.2,24.0,28.8,STILL-RCD30
55,0.045,1.1,1.7,300.0,300.0,34.8,31.2,24.0,28.8,STILL-RCD30
56,0.045,1.1,1.7,300.0,300.0,34.8,31.2,24.0,28.8,STILL-RCD30
57,0.045,1.1,1.7,300.0,300.0,34.8,31.2,24.0,28.8,STILL-RCD30
58,0.045,1.1,1.7,300.0,300.0,34.8,31.2,24.0,28.8,STILL-RCD30
59,0.045,1.1,1.7,300.0,300.0,34.8,31.2,24.0,28.8,STILL-RCD30
60,0.045,1.1,1.7,300.0,300.0,34.8,31.2,24.0,28.8,STILL-RCD30
61,0.045,1.1,1.7,300.0,300.0,34.8,31.2,24.0,28.8,STILL-RCD30
62,0.045,1.1,1.7,300.0,300.0,34.8,31.2,24.0,28.8,STILL-RCD30
63,0.045,1.1,1.7,300.0,300.0,34.8,31.2,24.0,28.8,STILL-RCD30
64,0.045,1.1,1.7,300.0,300.0,34.8,31.2,24.0,28.8,STILL-RCD30
65,0.045,1.1,1.7,300.0,300.0,34.8,31.2,24.0,28.8,STILL-RCD30
66,0.045,1.1,1.7,300.0,300.0,34.8,31.2,24.0,28.8,STILL-RCD30
67,0.045,1.1,1.7,300.0,300.0,34.8,31.2,24.0,28.8,STILL-RCD30
68,0.045,1.1,1.7,300.0,300.0,34.8,31.2,24.0,28.8,STILL-RCD30
69,0.045,1.1,1.7,300.0,300.0,34.8,31.2,24.0,28.8,STILL-RCD30
70,0.045,1.1,1.7,300.0,300.0,34.8,31.2,24.0,28.8,STILL-RCD30
71,0.045,1.1,1.7,300.0,300.0,34.8,31.2,24.0,28.8,STILL-RCD30
72,0.045,1.1,1.7,300.0,300.0,34.8,31.2,24.0,28.8,STILL-RCD30
73,0.045,1.1,1.7,300.0,300.0,34.8,31.2,24.0,28.8,STILL-RCD30
74,0.045,1.1,1.7,300.0,300.0,34.8,31.2,24.0,28.8,STILL-RCD30
75,0.045,1.1,1.7,300.0,300.0,34.8,31.2,24.0,28.8,STILL-RCD30
76,0.045,1.1,1.7,300.0,300.0,34.8,31.2,24.0,28.8,STILL-RCD30
77,0.055,1.38,1.7,416.67,416.67,31.8,26.4,21.6,25.2,STILL-RCD50
78,0.055,1.38,1.7,416.67,416.67,31.8,26.4,21.6,25.2,STILL-RCD50
79,0.055,1.38,1.7,416.67,416.67,31.8,26.4,21.6,25.2,STILL-RCD50
80,0.055,1.38,1.7,416.67,416.67,31.8,26.4,21.6,25.2,STILL-RCD50
81,0.055,1.38,1.7,416.67,416.67,31.8,26.4,21.6,25.2,STILL-RCD50
82,0.055,1.38,1.7,416.67,416.67,31.8,26.4,21.6,25.2,STILL-RCD50
83,0.055,1.38,1.7,416.67,416.67,31.8,26.4,21.6,25.2,STILL-RCD50
84,0.055,1.38,1.7,416.67,416.67,31.8,26.4,21.6,25.2,STILL-RCD50
85,0.055,1.38,1.7,416.67,416.67,31.8,26.4,21.6,25.2,STILL-RCD50
86,0.055,1.38,1.7,416.67,416.67,31.8,26.4,21.6,25.2,STILL-RCD50
87,0.055,1.38,1.7,416.67,416.67,31.8,26.4,21.6,25.2,STILL-RCD50
88,0.055,1.38,1.7,416.67,416.67,31.8,26.4,21.6,25.2,STILL-RCD50
89,0.055,1.38,1.7,416.67,416.67,31.8,26.4,21.6,25.2,STILL-RCD50
90,0.055,1.38,1.7,416.67,416.67,31.8,26.4,21.6,25.2,STILL-RCD50
91,0.055,1.38,1.7,416.67,416.67,31.8,26.4,21.6,25.2,STILL-RCD50
92,0.055,1.38,1.7,416.67,416.67,31.8,26.4,21.6,25.2,STILL-RCD50
93,0.055,1.38,1.7,416.67,416.67,31.8,26.4,21.6,25.2,STILL-RCD50
94,0.055,1.38,1.7,416.67,416.67,31.8,26.4,21.6,25.2,STILL-RCD50
95,0.055,1.38,1.7,416.67,416.67,31.8,26.4,21.6,25.2,STILL-RCD50
96,0.055,1.38,1.7,416.67,416.67,31.8,26.4,21.6,25.2,STILL-RCD50
97,0.055,1.38,1.7,416.67,416.67,31.8,26.4,21.6,25.2,STILL-RCD50
98,0.055,1.38,1.7,416.67,416.67,31.8,26.4,21.6,25.2,STILL-RCD50
99,0.055,1.38,1.7,416.67,416.67,31.8,26.4,21.6,25.2,STILL-RCD50
100,0.055,1.38,1.7,416.67,416.67,31.8,26.4,21.6,25.2,STILL-RCD50
101,0.045,1.1,1.7,300.0,300.0,34.8,31.2,24.0,28.8,STILL-RCD30
102,0.045,1.1,1.7,300.0,300.0,34.8,31.2,24.0,28.8,STILL-RCD30
103,0.045,1.1,1.7,300.0,300.0,34.8,31.2,24.0,28.8,STILL-RCD30
104,0.045,1.1,1.7,300.0,300.0,34.8,31.2,24.0,28.8,STILL-RCD30
105,0.045,1.1,1.7,300.0,300.0,34.8,31.2,24.0,28.8,STILL-RCD30
106,0.045,1.1,1.7,300.0,300.0,34.8,31.2,24.0,28.8,STILL-RCD30
107,0.045,1.1,1.7,300.0,300.0,34.8,31.2,24.0,28.8,STILL-RCD30
108,0.045,1.1,1.7,300.0,300.0,34.8,31.2,24.0,28.8,STILL-RCD30
109,0.045,1.1,1.7,300.0,300.0,34.8,31.2,24.0,28.8,STILL-RCD30
110,0.045,1.1,1.7,300.0,300.0,34.8,31.2,24.0,28.8,STILL-RCD30
111,0.045,1.1,1.7,300.0,300.0,34.8,31.2,24.0,28.8,STILL-RCD30
112,0.045,1.1,1.7,300.0,300.0,34.8,31.2,24.0,28.8,STILL-RCD30
113,0.045,1.1,1.7,300.0,300.0,34.8,31.2,24.0,28.8,STILL-RCD30
114,0.045,1.1,1.7,300.0,300.0,34.8,31.2,24.0,28.8,STILL-RCD30
115,0.045,1.1,1.7,300.0,300.0,34.8,31.2,24.0,28.8,STILL-RCD30
116,0.045,1.1,1.7,300.0,300.0,34.8,31.2,24.0,28.8,STILL-RCD30
117,0.045,1.1,1.7,300.0,300.0,34.8,31.2,24.0,28.8,STILL-RCD30
118,0.045,1.1,1.7,300.0,300.0,34.8,31.2,24.0,28.8,STILL-RCD30
119,0.045,1.1,1.7,300.0,300.0,34.8,31.2,24.0,28.8,STILL-RCD30
120,0.045,1.1,1.7,300.0,300.0,34.8,31.2,24.0,28.8,STILL-RCD30
121,0.045,1.1,1.7,300.0,300.0,34.8,31.2,24.0,28.8,STILL-RCD30
122,0.045,1.1,1.7,300.0,300.0,34.8,31.2,24.0,28.8,STILL-RCD30
123,0.045,1.1,1.7,300.0,300.0,34.8,31.2,24.0,28.8,STILL-RCD30
124,0.045,1.1,1.7,300.0,300.0,34.8,31.2,24.0,28.8,STILL-RCD30
125,0.045,1.1,1.7,300.0,300.0,34.8,31.2,24.0,28.8,STILL-RCD30
126,0.055,1.38,1.7,416.67,416.67,31.8,26.4,21.6,25.2,STILL-RCD50
127,0.055,1.38,1.7,416.67,416.67,31.8,26.4,21.6,25.2,STILL-RCD50
128,0.055,1.38,1.7,416.67,416.67,31.8,26.4,21.6,25.2,STILL-RCD50
129,0.055,1.38,1.7,416.67,416.67,31.8,26.4,21.6,25.2,STILL-RCD50
130,0.055,1.38,1.7,416.67,416.67,31.8,26.4,21.6,25.2,STILL-RCD50
131,0.055,1.38,1.7,416.67,416.67,31.8,26.4,21.6,25.2,STILL-RCD50
132,0.055,1.38,1.7,416.67,416.67,31.8,26.4,21.6,25.2,STILL-RCD50
133,0.055,1.38,1.7,416.67,416.67,31.8,26.4,21.6,25.2,STILL-RCD50
134,0.055,1.38,1.7,416.67,416.67,31.8,26.4,21.6,25.2,STILL-RCD50
135,0.055,1.38,1.7,416.67,416.67,31.8,26.4,21.6,25.2,STILL-RCD50
136,0.055,1.38,1.7,416.67,416.67,31.8,26.4,21.6,25.2,STILL-RCD50
137,0.055,1.38,1.7,416.67,416.67,31.8,26.4,21.6,25.2,STILL-RCD50
138,0.055,1.38,1.7,416.67,416.67,31.8,26.4,21.6,25.2,STILL-RCD50
139,0.055,1.38,1.7,416.67,416.67,31.8,26.4,21.6,25.2,STILL-RCD50
140,0.055,1.38,1.7,416.67,416.67,31.8,26.4,21.6,25.2,STILL-RCD50
141,0.055,1.38,1.7,416.67,416.67,31.8,26.4,21.6,25.2,STILL-RCD50
142,0.055,1.38,1.7,416.67,416.67,31.8,26.4,21.6,25.2,STILL-RCD50
143,0.055,1.38,1.7,416.67,416.67,31.8,26.4,21.6,25.2,STILL-RCD50
144,0.055,1.38,1.7,416.67,416.67,31.8,26.4,21.6,25.2,STILL-RCD50
145,0.055,1.38,1.7,416.67,416.67,31.8,26.4,21.6,25.2,STILL-RCD50
146,0.055,1.38,1.7,416.67,416.67,31.8,26.4,21.6,25.2,STILL-RCD50
147,0.055,1.38,1.7,416.67,416.67,31.8,26.4,21.6,25.2,STILL-RCD50
148,0.055,1.38,1.7,416.67,416.67,31.8,26.4,21.6,25.2,STILL-RCD50
149,0.055,1.38,1.7,416.67,416.67,31.8,26.4,21.6,25.2,STILL-RCD50
150,0.055,1.38,1.7,416.67,416.67,31.8,26.4,21.6,25.2,STILL-RCD50
151,0.055,1.38,1.7,416.67,416.67,31.8,26.4,21.6,25.2,STILL-RCD50
152,0.045,1.1,1.7,300.0,300.0,34.8,31.2,24.0,28.8,STILL-RCD30
153,0.045,1.1,1.7,300.0,300.0,34.8,31.2,24.0,28.8,STILL-RCD30
154,0.045,1.1,1.7,300.0,300.0,34.8,31.2,24.0,28.8,STILL-RCD30
155,0.045,1.1,1.7,300.0,300.0,34.8,31.2,24.0,28.8,STILL-RCD30
156,0.045,1.1,1.7,300.0,300.0,34.8,31.2,24.0,28.8,STILL-RCD30
157,0.045,1.1,1.7,300.0,300.0,34.8,31.2,24.0,28.8,STILL-RCD30
158,0.045,1.1,1.7,300.0,300.0,34.8,31.2,24.0,28.8,STILL-RCD30
159,0.045,1.1,1.7,300.0,300.0,34.8,31.2,24.0,28.8,STILL-RCD30
160,0.045,1.1,1.7,300.0,300.0,34.8,31.2,24.0,28.8,STILL-RCD30
161,0.045,1.1,1.7,300.0,300.0,34.8,31.2,24.0,28.8,STILL-RCD30
162,0.045,1.1,1.7,300.0,300.0,34.8,31.2,24.0,28.8,STILL-RCD30
163,0.045,1.1,1.7,300.0,300.0,34.8,31.2,24.0,28.8,STILL-RCD30
164,0.045,1.1,1.7,300.0,300.0,34.8,31.2,24.0,28.8,STILL-RCD30
165,0.045,1.1,1.7,300.0,300.0,34.8,31.2,24.0,28.8,STILL-RCD30
166,0.045,1.1,1.7,300.0,300.0,34.8,31.2,24.0,28.8,STILL-RCD30
167,0.045,1.1,1.7,300.0,300.0,34.8,31.2,24.0,28.8,STILL-RCD30
168,0.045,1.1,1.7,300.0,300.0,34.8,31.2,24.0,28.8,STILL-RCD30
169,0.045,1.1,1.7,300.0,300.0,34.8,31.2,24.0,28.8,STILL-RCD30
170,0.045,1.1,1.7,300.0,300.0,34.8,31.2,24.0,28.8,STILL-RCD30
171,0.045,1.1,1.7,300.0,300.0,34.8,31.2,24.0,28.8,STILL-RCD30
172,0.045,1.1,1.7,300.0,300.0,34.8,31.2,24.0,28.8,STILL-RCD30
173,0.045,1.1,1.7,300.0,300.0,34.8,31.2,24.0,28.8,STILL-RCD30
174,0.045,1.1,1.7,300.0,300.0,34.8,31.2,24.0,28.8,STILL-RCD30
175,0.045,1.1,1.7,300.0,300.0,34.8,31.2,24.0,28.8,STILL-RCD30
176,0.045,1.1,1.7,300.0,300.0,34.8,31.2,24.0,28.8,STILL-RCD30
177,0.055,1.38,1.7,416.67,416.67,31.8,26.4,21.6,25.2,STILL-RCD50
178,0.055,1.38,1.7,416.67,416.67,31.8,26.4,21.6,25.2,STILL-RCD50
179,0.055,1.38,1.7,416.67,416.67,31.8,26.4,21.6,25.2,STILL-RCD50
180,0.055,1.38,1.7,416.67,416.67,31.8,26.4,21.6,25.2,STILL-RCD50
181,0.055,1.38,1.7,416.67,416.67,31.8,26.4,21.6,25.2,STILL-RCD50
182,0.055,1.38,1.7,416.67,416.67,31.8,26.4,21.6,25.2,STILL-RCD50
183,0.055,1.38,1.7,416.67,416.67,31.8,26.4,21.6,25.2,STILL-RCD50
184,0.055,1.38,1.7,416.67,416.67,31.8,26.4,21.6,25.2,STILL-RCD50
185,0.055,1.38,1.7,416.67,416.67,31.8,26.4,21.6,25.2,STILL-RCD50
186,0.055,1.38,1.7,416.67,416.67,31.8,26.4,21.6,25.2,STILL-RCD50
187,0.055,1.38,1.7,416.67,416.67,31.8,26.4,21.6,25.2,STILL-RCD50
188,0.055,1.38,1.7,416.67,416.67,31.8,26.4,21.6,25.2,STILL-RCD50
189,0.055,1.38,1.7,416.67,416.67,31.8,26.4,21.6,25.2,STILL-RCD50
190,0.055,1.38,1.7,416.67,416.67,31.8,26.4,21.6,25.2,STILL-RCD50
191,0.055,1.38,1.7,416.67,416.67,31.8,26.4,21.6,25.2,STILL-RCD50
192,0.055,1.38,1.7,416.67,416.67,31.8,26.4,21.6,25.2,STILL-RCD50
193,0.055,1.38,1.7,416.67,416.67,31.8,26.4,21.6,25.2,STILL-RCD50
194,0.055,1.38,1.7,416.67,416.67,31.8,26.4,21.6,25.2,STILL-RCD50
195,0.055,1.38,1.7,416.67,416.67,31.8,26.4,21.6,25.2,STILL-RCD50
196,0.055,1.38,1.7,416.67,416.67,31.8,26.4,21.6,25.2,STILL-RCD50
197,0.055,1.38,1.7,416.67,416.67,31.8,26.4,21.6,25.2,STILL-RCD50
198,0.055,1.38,1.7,416.67,416.67,31.8,26.4,21.6,25.2,STILL-RCD50
199,0.055,1.38,1.7,416.67,416.67,31.8,26.4,21.6,25.2,STILL-RCD50
200,0.055,1.38,1.7,416.67,416.67,31.8,26.4,21.6,25.2,STILL-RCD50
